{"cameraMode":{"drawMode":0,"name":"Shaded","section":"Shading Mode"},"sceneLighting":true,"audioPlay":false,"sceneViewState":{"showFog":true,"showMaterialUpdate":false,"showSkybox":true,"showFlares":true,"showImageEffects":true,"showParticleSystems":true},"in2DMode":false,"pivot":{"x":-0.3765217065811157,"y":1.2050000429153443,"z":0.0188027024269104},"rotation":{"x":0.6502942442893982,"y":-0.2212771773338318,"z":0.2065207064151764,"w":0.6967895030975342},"size":3.0151689052581789,"orthographic":true}