{"cameraMode":{"drawMode":0,"name":"Shaded","section":"Shading Mode"},"sceneLighting":true,"audioPlay":false,"sceneViewState":{"showFog":true,"showMaterialUpdate":false,"showSkybox":true,"showFlares":true,"showImageEffects":true,"showParticleSystems":true},"in2DMode":false,"pivot":{"x":6.770107746124268,"y":-22.73826789855957,"z":32.16532897949219},"rotation":{"x":-0.2879401743412018,"y":-0.06687295436859131,"z":0.020159678533673288,"w":-0.9551028609275818},"size":70.43219757080078,"orthographic":false}