{"cameraMode":{"drawMode":0,"name":"Shaded","section":"Shading Mode"},"sceneLighting":true,"audioPlay":false,"sceneViewState":{"showFog":true,"showMaterialUpdate":false,"showSkybox":true,"showFlares":true,"showImageEffects":true,"showParticleSystems":true},"in2DMode":false,"pivot":{"x":-2.41455078125,"y":-0.93896484375,"z":-0.9698486328125},"rotation":{"x":0.20828856527805329,"y":0.26885345578193667,"z":-0.05966860428452492,"w":0.93849778175354},"size":5.246171474456787,"orthographic":true}