{"cameraMode":{"drawMode":0,"name":"Shaded","section":"Shading Mode"},"sceneLighting":true,"audioPlay":false,"sceneViewState":{"showFog":true,"showMaterialUpdate":false,"showSkybox":true,"showFlares":true,"showImageEffects":true,"showParticleSystems":true},"in2DMode":false,"pivot":{"x":-2.72760009765625,"y":1.2470703125,"z":-0.12908935546875},"rotation":{"x":0.6502942442893982,"y":-0.2212771773338318,"z":0.2065207064151764,"w":0.6967895030975342},"size":6.658935546875,"orthographic":true}