{"cameraMode":{"drawMode":0,"name":"Shaded","section":"Shading Mode"},"sceneLighting":true,"audioPlay":false,"sceneViewState":{"showFog":true,"showMaterialUpdate":false,"showSkybox":true,"showFlares":true,"showImageEffects":true,"showParticleSystems":true},"in2DMode":false,"pivot":{"x":0.7313422560691834,"y":1.112311840057373,"z":1.233283281326294},"rotation":{"x":-0.25011053681373598,"y":-0.2612036168575287,"z":0.07027176022529602,"w":-0.9296676516532898},"size":2.8578836917877199,"orthographic":false}